{
  "cov": [
    [
      5.0915283253990334e-06,
      -1.1205186686696699e-05
    ],
    [
      -1.1205186686696699e-05,
      7.997965388288953e-05
    ]
  ],
  "mean": [
    0.9823927749109116,
    0.9574752917816309
  ]
}
